gene_id	gene_name	RAP1_UNINDUCED_REP1	RAP1_UNINDUCED_REP2	WT_REP1	WT_REP2
HRA1	HRA1	126.221366	0.000000	0.000000	0.000000
YAL001C	TFC3	1059.463767	834.859258	482.416603	451.523028
YAL002W	VPS8	417.694100	547.603136	483.524610	351.425194
YAL003W	EFB1	70831.319141	71873.909859	61774.884123	73163.670804
YAL004W	YAL004W	0.000000	0.000000	0.000000	19.208422
YAL005C	SSA1	137322.814462	139912.251393	98864.503017	99326.732461
YAL007C	ERP2	5471.269424	6018.741012	3482.440230	4753.144859
YAL008W	FUN14	1829.397369	1311.636982	545.041733	457.835746
YAL009W	SPO7	990.267733	687.545491	420.835977	311.630151
YAL010C	MDM10	476.173409	606.108820	579.864001	307.615563
YAL011W	SWC3	645.498272	486.339555	319.762243	466.494529
YAL012W	CYS3	10773.900686	12111.755309	10828.895571	12469.791771
YAL013W	DEP1	764.786434	738.721269	533.861485	388.525713
YAL014C	SYN8	1320.494352	1361.858916	1009.017367	1451.027307
YAL015C	NTG1	513.228507	583.365735	231.207525	341.659842
YAL016C-A	YAL016C-A	0.000000	0.000000	0.000000	0.000000
YAL016C-B	YAL016C-B	0.000000	0.000000	0.000000	0.000000
YAL016W	TPD3	4461.967586	4371.119122	3189.441174	3131.623512
YAL017W	PSK1	1481.441272	1293.789892	720.457317	799.837248
YAL018C	LDS1	0.000000	0.000000	0.000000	0.000000
YAL019W	FUN30	1676.153496	1794.044699	1520.987747	1357.637904
YAL019W-A	YAL019W-A	0.000000	0.000000	0.000000	0.000000
YAL020C	ATS1	455.861878	473.208608	384.189987	123.498304
YAL021C	CCR4	2142.535018	2000.421816	1474.334093	1798.651068
YAL022C	FUN26	1148.984676	1382.018926	1003.891268	1062.757924
YAL023C	PMT2	7329.713474	7504.859957	5668.581706	6186.527221
YAL024C	LTE1	617.828070	587.804932	425.368539	565.968877
YAL025C	MAK16	1598.197165	1536.011863	1611.898009	1271.251338
YAL026C	DRS2	2116.332137	1921.142361	1310.397315	1661.407840
YAL026C-A	YAL026C-A	782.503082	1450.816162	564.305568	622.023868
YAL027W	SAW1	756.664593	646.913057	208.139543	259.079128
YAL028W	FRT2	254.188736	308.125981	73.943297	160.661716
YAL029C	MYO4	2091.034077	2043.600349	1538.863980	1741.756375
YAL030W	SNC1	2640.082342	3331.142716	1940.941468	1924.519574
YAL031C	GIP4	877.861452	822.273652	470.520462	387.313076
YAL031W-A	YAL031W-A	0.000000	0.000000	0.000000	0.000000
YAL032C	PRP45	537.989730	810.668302	478.593137	760.138754
YAL033W	POP5	1336.163731	1345.407376	1143.212540	897.442495
YAL034C	FUN19	614.055840	934.873997	265.157376	433.024783
YAL034C-B	YAL034C-B	0.000000	0.000000	0.000000	0.000000
YAL034W-A	MTW1	119.163448	689.280370	197.594870	369.657591
YAL035W	FUN12	8146.671126	7253.310843	7226.995377	7286.488332
YAL036C	RBG1	2640.583766	3431.382584	2268.764402	2395.033790
YAL037C-A	YAL037C-A	242.817645	0.000000	0.000000	0.000000
YAL037C-B	YAL037C-B	0.000000	1927.819267	1206.390063	0.000000
YAL037W	YAL037W	424.498484	333.198085	147.290016	60.888203
YAL038W	CDC19	218377.534614	226837.091390	204248.667200	240623.626864
YAL039C	CYC3	1136.706197	1297.144444	642.878024	416.765854
YAL040C	CLN3	1304.124415	1348.190930	933.419214	1173.378882
YAL041W	CDC24	1253.758222	1375.287185	1009.491409	1064.015437
YAL042C-A	YAL042C-A	0.000000	0.000000	0.000000	0.000000
YAL042W	ERV46	6030.846059	6147.437973	4017.865697	4703.325415
YAL043C	PTA1	1432.382272	1436.493665	969.372029	957.164976
YAL044C	GCV3	6661.966234	6756.794943	3445.521441	3712.390169
YAL044W-A	YAL044W-A	605.702020	1780.564865	921.279254	540.056782
YAL045C	YAL045C	0.000000	60.091399	0.000000	0.000000
YAL046C	AIM1	789.250497	596.088933	770.153071	1266.517735
YAL047C	SPC72	620.872028	555.166975	291.152973	435.818234
YAL047W-A	YAL047W-A	0.000000	35.046965	0.000000	0.000000
YAL048C	GEM1	519.163482	581.873342	379.892299	261.165803
YAL049C	AIM2	2862.582297	2457.362761	1427.450574	1289.645896
YAL051W	OAF1	930.634686	951.999667	717.015231	684.894038
YAL053W	FLC2	2827.339408	2831.548204	1770.814410	1616.111224
YAL054C	ACS1	98.237069	127.767013	57.957689	29.837613
YAL055W	PEX22	95.462555	374.300398	120.903200	259.822281
YAL056C-A	YAL056C-A	0.000000	0.000000	0.000000	0.000000
YAL056W	GPB2	985.678444	1245.142605	810.358494	814.978048
YAL058W	CNE1	942.109449	848.971969	824.122900	1053.673512
YAL059C-A	YAL059C-A	0.000000	0.000000	0.000000	0.000000
YAL059W	ECM1	2052.914030	1662.375529	1835.590261	2031.780026
YAL060W	BDH1	2424.546898	2627.498596	1149.745919	1458.958235
YAL061W	BDH2	564.796681	1632.409190	271.321539	245.617050
YAL062W	GDH3	147.917588	160.554133	271.060010	156.619251
YAL063C	FLO9	84.697587	50.352484	26.621512	0.000000
YAL063C-A	YAL063C-A	178.130837	91.626600	0.000000	0.000000
YAL064C-A	TDA8	0.000000	0.000000	47.420708	0.000000
YAL064W	YAL064W	0.000000	89.142632	0.000000	0.000000
YAL064W-B	YAL064W-B	0.000000	112.896409	158.225372	83.874601
YAL065C	YAL065C	0.000000	0.000000	0.000000	0.000000
YAL066W	YAL066W	0.000000	0.000000	0.000000	0.000000
YAL067C	SEO1	84.961900	57.168492	22.686780	0.000000
YAL067W-A	YAL067W-A	0.000000	0.000000	0.000000	0.000000
YAL068C	PAU8	410.017228	721.361666	188.739756	122.685460
YAL068W-A	YAL068W-A	0.000000	0.000000	0.000000	0.000000
YAL069W	YAL069W	0.000000	0.000000	0.000000	0.000000
YAR002C-A	ERP1	6324.374786	6430.304201	4307.038067	6408.761820
YAR002W	NUP60	2052.914030	1902.395760	1147.838837	1496.873299
YAR003W	SWD1	686.308150	682.950591	491.127894	645.154409
YAR007C	RFA1	1886.238453	1776.963803	1620.788364	1283.321959
YAR008W	SEN34	872.736352	661.662419	173.482922	318.609871
YAR009C	YAR009C	208351.337038	197786.717537	235560.144042	212228.031638
YAR010C	YAR010C	230809.682767	218645.177705	300757.489137	264250.066472
YAR014C	BUD14	1411.739708	2009.257951	996.207307	1344.677608
YAR015W	ADE1	4021.683219	4639.444263	2941.971129	2758.438156
YAR018C	KIN3	567.768788	548.275002	692.696672	578.555897
YAR019C	CDC15	616.225257	608.944443	247.373448	378.430600
YAR019W-A	YAR019W-A	0.000000	0.000000	17.781961	0.000000
YAR020C	PAU7	0.000000	17.967327	0.000000	291.394370
YAR023C	YAR023C	86.488755	235.237430	84.472944	69.251220
YAR027W	UIP3	2680.676664	3053.310580	1581.404912	2121.869097
YAR028W	YAR028W	967.490139	2181.806568	576.742118	1105.713915
YAR029W	YAR029W	230.382631	468.585535	96.994821	0.000000
YAR030C	YAR030C	0.000000	169.270786	80.415498	0.000000
YAR031W	PRM9	572.733247	1009.448879	279.844108	290.690313
YAR033W	MST28	853.924988	759.975231	221.004163	393.485730
YAR035C-A	YAR035C-A	0.000000	0.000000	0.000000	0.000000
YAR035W	YAT1	75.342971	50.576356	154.876843	55.342435
YAR042W	SWH1	1515.800894	1395.005740	990.907869	1105.370556
YAR047C	YAR047C	0.000000	158.290515	78.575140	0.000000
YAR050W	FLO1	68.319439	50.210112	78.749372	67.947813
YAR053W	YAR053W	0.000000	0.000000	0.000000	0.000000
YAR060C	YAR060C	102.340331	369.825231	120.320754	291.394370
YAR061W	YAR061W	0.000000	0.000000	0.000000	0.000000
YAR062W	YAR062W	0.000000	84.268269	59.627929	48.972604
YAR064W	YAR064W	0.000000	0.000000	0.000000	0.000000
YAR066W	YAR066W	508.196815	369.913270	329.415359	1137.088488
YAR068W	YAR068W	560.749875	1195.078890	319.488193	598.777400
YAR069C	YAR069C	0.000000	0.000000	0.000000	228.952549
YAR070C	YAR070C	0.000000	0.000000	0.000000	0.000000
snR18	snR18	3718.390833	2621.452555	4066.979542	5982.630067
tA(UGC)A	TGA1	0.000000	0.000000	0.000000	0.000000
tL(CAA)A	SUP56	0.000000	0.000000	0.000000	0.000000
tP(UGG)A	TRN1	0.000000	0.000000	0.000000	0.000000
tS(AGA)A	tS(AGA)A	0.000000	0.000000	0.000000	0.000000
